City_ID,City,Lat,Lng,Country,Date,Max Temp,Humidity,Cloudiness,Wind Speed
0,yellowknife,62.456,-114.3525,CA,7/30/2021,66.72,72,75,9.22
1,gat,31.61,34.7642,IL,7/30/2021,85.41,64,0,7.63
2,dillon,34.4166,-79.3712,US,7/30/2021,96.13,40,95,7.61
3,suamico,44.6319,-88.0393,US,7/30/2021,70.56,63,75,5.77
4,rikitea,-23.1203,-134.9692,PF,7/30/2021,71.76,69,63,3.76
5,hobart,-42.8794,147.3294,AU,7/30/2021,54.27,62,67,1.01
6,hermanus,-34.4187,19.2345,ZA,7/30/2021,57.9,86,14,1.36
7,esperance,-33.8667,121.9,AU,7/30/2021,47.21,81,86,15.3
8,port alfred,-33.5906,26.891,ZA,7/30/2021,59.34,72,8,3.87
9,ushuaia,-54.8,-68.3,AR,7/30/2021,37.06,81,75,13.8
10,ancud,-41.8697,-73.8203,CL,7/30/2021,46.17,85,99,1.86
11,tura,25.5198,90.2201,IN,7/30/2021,75.22,99,100,6.26
12,nikolskoye,59.7035,30.7861,RU,7/30/2021,71.49,54,80,6.4
13,grindavik,63.8424,-22.4338,IS,7/30/2021,64.87,68,0,10.36
14,atuona,-9.8,-139.0333,PF,7/30/2021,76.98,77,86,19.62
15,albany,42.6001,-73.9662,US,7/30/2021,76.46,62,78,1.01
16,santa cruz de tenerife,28.4682,-16.2546,ES,7/30/2021,87.58,71,40,13
17,san quintin,30.4833,-115.95,MX,7/30/2021,75.36,69,17,10.18
18,punta arenas,-53.15,-70.9167,CL,7/30/2021,39.11,58,17,19.6
19,paramonga,-10.6667,-77.8333,PE,7/30/2021,68.29,73,37,12.15
20,faanui,-16.4833,-151.75,PF,7/30/2021,77.79,66,87,16.06
21,cape town,-33.9258,18.4232,ZA,7/30/2021,60.28,85,0,1.01
22,kaitangata,-46.2817,169.8464,NZ,7/30/2021,48.92,83,95,3.09
23,turayf,31.6725,38.6637,SA,7/30/2021,92.07,11,0,11.97
24,puerto concordia,2.6221,-72.7572,CO,7/30/2021,73.74,95,98,4.03
25,bac lieu,9.285,105.7244,VN,7/30/2021,78.31,88,100,10.94
26,presidencia roque saenz pena,-26.7852,-60.4388,AR,7/30/2021,63.79,18,3,7.31
27,geraldton,-28.7667,114.6,AU,7/30/2021,55.13,82,75,16.11
28,cherskiy,68.75,161.3,RU,7/30/2021,30.85,86,100,4.81
29,tasiilaq,65.6145,-37.6368,GL,7/30/2021,46.17,76,20,2.46
30,port elizabeth,-33.918,25.5701,ZA,7/30/2021,57.09,76,47,0.78
31,nimes,43.8333,4.35,FR,7/30/2021,87.85,61,0,9.22
32,lompoc,34.6391,-120.4579,US,7/30/2021,85.14,77,21,1.01
33,tuktoyaktuk,69.4541,-133.0374,CA,7/30/2021,55.15,76,79,11.03
34,hasaki,35.7333,140.8333,JP,7/30/2021,73.8,88,2,8.59
35,lebu,-37.6167,-73.65,CL,7/30/2021,53.69,74,100,5.23
36,bredasdorp,-34.5322,20.0403,ZA,7/30/2021,55.27,90,10,1.19
37,mataura,-46.1927,168.8643,NZ,7/30/2021,46.47,99,100,1.25
38,mersing,2.4312,103.8405,MY,7/30/2021,79.25,79,99,5.44
39,hilo,19.7297,-155.09,US,7/30/2021,73.8,93,100,1.01
40,jamestown,42.097,-79.2353,US,7/30/2021,71.29,70,90,10
41,east london,-33.0153,27.9116,ZA,7/30/2021,62.44,64,8,7.07
42,kalmunai,7.4167,81.8167,LK,7/30/2021,82.24,79,8,2.77
43,vienna,48.2085,16.3721,AT,7/30/2021,88.05,46,20,1.01
44,bluff,-46.6,168.3333,NZ,7/30/2021,46.8,90,100,4.16
45,marawi,7.9986,124.2928,PH,7/30/2021,71.65,90,99,3.71
46,kodiak,57.79,-152.4072,US,7/30/2021,51.64,87,100,0.47
47,fortuna,40.5982,-124.1573,US,7/30/2021,55.98,90,38,6.42
48,butaritari,3.0707,172.7902,KI,7/30/2021,81.45,77,72,6.76
49,deputatskiy,69.3,139.9,RU,7/30/2021,49.59,57,93,5.1
50,whitehorse,60.7161,-135.0538,CA,7/30/2021,57.09,42,2,7.05
51,busselton,-33.65,115.3333,AU,7/30/2021,44.1,75,77,10.63
52,cabo san lucas,22.8909,-109.9124,MX,7/30/2021,92.52,70,1,4
53,sayyan,15.1718,44.3244,YE,7/30/2021,68.67,49,99,2.84
54,touros,-5.1989,-35.4608,BR,7/30/2021,83.91,59,44,19.13
55,salinas,36.6777,-121.6555,US,7/30/2021,73.58,80,90,0
56,barrow,71.2906,-156.7887,US,7/30/2021,51.82,87,90,6.91
57,avarua,-21.2078,-159.775,CK,7/30/2021,69.85,83,57,4.61
58,half moon bay,37.4636,-122.4286,US,7/30/2021,84.6,80,20,0
59,ribeira grande,38.5167,-28.7,PT,7/30/2021,77.4,69,40,8.05
60,torbay,47.6666,-52.7314,CA,7/30/2021,73.27,63,99,11.56
61,puerto ayora,-0.7393,-90.3518,EC,7/30/2021,72.55,91,71,5.99
62,new norfolk,-42.7826,147.0587,AU,7/30/2021,53.92,61,92,1.99
63,khatanga,71.9667,102.5,RU,7/30/2021,75.09,44,47,8.9
64,priladozhskiy,59.85,31.4833,RU,7/30/2021,71.26,1,69,5.91
65,kapaa,22.0752,-159.319,US,7/30/2021,79.12,80,90,11.5
66,vermillion,42.7794,-96.9292,US,7/30/2021,76.51,39,88,8.57
67,tual,-5.6667,132.75,ID,7/30/2021,80.33,84,100,11.79
68,richards bay,-28.783,32.0377,ZA,7/30/2021,63.64,76,3,7.29
69,lavrentiya,65.5833,-171,RU,7/30/2021,43.47,94,72,4.29
70,mykhaylivka,47.2724,35.2224,UA,7/30/2021,77.27,90,69,6.53
71,sabancuy,18.9667,-91.1833,MX,7/30/2021,90.03,54,67,5.46
72,hofn,64.2539,-15.2082,IS,7/30/2021,56.05,81,17,7.45
73,kavieng,-2.5744,150.7967,PG,7/30/2021,81.36,78,14,7.76
74,ilulissat,69.2167,-51.1,GL,7/30/2021,53.62,58,1,8.05
75,mount gambier,-37.8333,140.7667,AU,7/30/2021,52.21,74,34,9.71
76,airai,-8.9266,125.4092,TL,7/30/2021,57.78,69,64,2.3
77,ishinomaki,38.4167,141.3,JP,7/30/2021,71.28,94,1,4.94
78,vaini,-21.2,-175.2,TO,7/30/2021,74.17,81,83,19.08
79,redmond,47.674,-122.1215,US,7/30/2021,80.35,57,0,1.01
80,komsomolskiy,40.4272,71.7189,UZ,7/30/2021,80.02,23,5,12.73
81,ponta do sol,32.6667,-17.1,PT,7/30/2021,80.71,63,1,5.06
82,biggar,55.6167,-3.5167,GB,7/30/2021,66.36,88,100,4.14
83,bonfim,3.0833,-59.95,BR,7/30/2021,84.58,64,92,9.08
84,madera,37.1666,-119.8343,US,7/30/2021,99.86,29,82,1.99
85,talnakh,69.4865,88.3972,RU,7/30/2021,57.49,89,100,4.74
86,broken hill,-31.95,141.4333,AU,7/30/2021,56.25,57,30,9.51
87,suntar,62.1444,117.6319,RU,7/30/2021,56.35,57,11,3.49
88,khuzdar,27.7384,66.6434,PK,7/30/2021,92.61,13,7,12.53
89,kununurra,-15.7667,128.7333,AU,7/30/2021,67.98,88,24,2.3
90,surt,31.2089,16.5887,LY,7/30/2021,85.46,62,0,11.01
91,petershagen,52.3833,8.9667,DE,7/30/2021,79.07,48,77,9.22
92,ocotlan,20.35,-102.7667,MX,7/30/2021,75.22,59,90,6.62
93,rabo de peixe,37.8,-25.5833,PT,7/30/2021,76.51,69,20,12.66
94,katobu,-4.9408,122.5276,ID,7/30/2021,73.65,90,63,2.66
95,mahanoro,-19.9,48.8,MG,7/30/2021,68.25,85,3,6.4
96,jinchang,38.4953,102.1739,CN,7/30/2021,82.36,20,0,6.04
97,vila velha,-20.3297,-40.2925,BR,7/30/2021,59.95,60,62,15.41
98,ambilobe,-13.2,49.05,MG,7/30/2021,71.11,69,7,6.55
99,royan,45.6285,-1.0281,FR,7/30/2021,74.46,61,25,14.52
100,bay roberts,47.5999,-53.2648,CA,7/30/2021,74.05,49,99,5.99
101,mopti,14.6667,-4,ML,7/30/2021,99.01,30,51,8.19
102,hobyo,5.3505,48.5268,SO,7/30/2021,76.87,79,100,25.21
103,stranda,62.3096,6.9358,NO,7/30/2021,61.14,83,12,8.01
104,zainsk,55.3195,52.0694,RU,7/30/2021,72.59,72,91,4.05
105,cayenne,4.9333,-52.3333,GF,7/30/2021,86.09,78,75,4
106,meulaboh,4.1363,96.1285,ID,7/30/2021,78.08,84,100,2.44
107,beringovskiy,63.05,179.3167,RU,7/30/2021,41.41,69,99,10.69
108,betare oya,5.6,14.0833,CM,7/30/2021,71.29,91,43,4.16
109,sussex,41.1834,-74.6663,US,7/30/2021,82.08,59,40,6.91
110,ulcinj,41.9294,19.2244,ME,7/30/2021,93.42,50,0,3.53
111,luau,-10.7073,22.2247,AO,7/30/2021,74.21,20,0,5.53
112,haverfordwest,51.8017,-4.9691,GB,7/30/2021,63.55,87,100,1.99
113,petropavlovsk-kamchatskiy,53.0452,158.6483,RU,7/30/2021,53.4,90,100,11.81
114,severo-kurilsk,50.6789,156.125,RU,7/30/2021,56.08,97,91,2.21
115,imeni stepana razina,54.8932,44.2963,RU,7/30/2021,64.53,98,100,4.23
116,rantepao,-2.9701,119.8978,ID,7/30/2021,68.5,99,100,0.94
117,upernavik,72.7868,-56.1549,GL,7/30/2021,42.22,78,30,13.53
118,la ronge,55.1001,-105.2842,CA,7/30/2021,70.93,44,1,5.88
119,litovko,49.2361,135.1742,RU,7/30/2021,62.42,73,78,10.47
120,qaanaaq,77.484,-69.3632,GL,7/30/2021,41.22,91,100,6.91
121,saint-pierre,-21.3393,55.4781,RE,7/30/2021,67.68,86,75,17.27
122,zhigansk,66.7697,123.3711,RU,7/30/2021,57.67,48,3,3.78
123,trairi,-3.2778,-39.2689,BR,7/30/2021,85.98,60,73,15.59
124,cilegon,-6.0174,106.0538,ID,7/30/2021,84.09,81,5,3.76
125,kirakira,-10.4544,161.9205,SB,7/30/2021,77.68,86,72,6.82
126,rio gallegos,-51.6226,-69.2181,AR,7/30/2021,41.22,61,81,23.58
127,chuy,-33.6971,-53.4616,UY,7/30/2021,54.18,54,0,6.53
128,makat,47.6469,53.3463,KZ,7/30/2021,86.76,19,0,6.96
129,thompson,55.7435,-97.8558,CA,7/30/2021,75.65,38,21,13.13
130,aklavik,68.2191,-135.0107,CA,7/30/2021,68.92,47,85,9.24
131,tigil,57.8,158.6667,RU,7/30/2021,38.93,90,33,6.29
132,adrar,20.5022,-10.0711,MR,7/30/2021,107.06,13,36,5.28
133,coihaique,-45.5752,-72.0662,CL,7/30/2021,40.23,85,73,10.22
134,san cristobal,7.7669,-72.225,VE,7/30/2021,81.54,51,60,9.35
135,port hardy,50.6996,-127.4199,CA,7/30/2021,57.38,100,75,3.44
136,bengkulu,-3.8004,102.2655,ID,7/30/2021,76.32,89,19,6.08
137,port lincoln,-34.7333,135.8667,AU,7/30/2021,55.71,87,17,12.17
138,praia,14.9215,-23.5087,CV,7/30/2021,77.81,77,92,11.05
139,dunedin,-45.8742,170.5036,NZ,7/30/2021,48.79,89,100,5.01
140,arraial do cabo,-22.9661,-42.0278,BR,7/30/2021,64.71,57,62,19.6
141,raudeberg,61.9875,5.1352,NO,7/30/2021,65.8,78,6,23.53
142,carnarvon,-24.8667,113.6333,AU,7/30/2021,65.48,66,42,25.08
143,mahebourg,-20.4081,57.7,MU,7/30/2021,71.26,70,31,21.63
144,cidreira,-30.1811,-50.2056,BR,7/30/2021,55.36,54,9,3.49
145,saldanha,-33.0117,17.9442,ZA,7/30/2021,57.42,80,55,10.6
146,sitka,57.0531,-135.33,US,7/30/2021,68.18,64,67,2.24
147,thunder bay,48.4001,-89.3168,CA,7/30/2021,68.56,46,74,5.88
148,belaya gora,68.5333,146.4167,RU,7/30/2021,49.55,51,100,7.16
149,cabedelo,-6.9811,-34.8339,BR,7/30/2021,80.55,67,74,14.74
150,seoul,37.5683,126.9778,KR,7/30/2021,83.8,76,90,8.05
151,hearst,49.6835,-83.6665,CA,7/30/2021,65.91,37,9,9.28
152,vao,-22.6667,167.4833,NC,7/30/2021,67.91,56,17,24.54
153,griffith,41.5284,-87.4237,US,7/30/2021,76.08,63,40,3
154,waddan,29.1614,16.139,LY,7/30/2021,98.69,15,0,18.05
155,ankazobe,-18.3167,47.1167,MG,7/30/2021,57.61,88,23,6.8
156,lasa,46.6166,10.7002,IT,7/30/2021,78.71,79,77,4.74
157,benghazi,32.1167,20.0667,LY,7/30/2021,84.47,70,0,15.57
158,teya,60.3778,92.6267,RU,7/30/2021,59.05,77,100,2.46
159,comodoro rivadavia,-45.8667,-67.5,AR,7/30/2021,51.69,35,41,31.23
160,huadian,42.9633,126.7478,CN,7/30/2021,73.18,94,40,1.9
161,nagato,34.3833,131.2,JP,7/30/2021,74.19,80,100,3.91
162,chokurdakh,70.6333,147.9167,RU,7/30/2021,51.53,50,100,11.52
163,martapura,-3.4167,114.85,ID,7/30/2021,77.09,94,90,1.14
164,sobolevo,54.4299,31.8996,RU,7/30/2021,68.49,69,85,6.35
165,kiama,-34.6833,150.8667,AU,7/30/2021,56.68,54,3,5.1
166,uusikaupunki,60.8004,21.4084,FI,7/30/2021,61.32,81,100,10.2
167,los llanos de aridane,28.6585,-17.9182,ES,7/30/2021,73.13,82,75,18.41
168,port macquarie,-31.4333,152.9167,AU,7/30/2021,42.39,100,4,0
169,mount pleasant,32.7941,-79.8626,US,7/30/2021,94.98,69,1,3
170,barranca,-10.75,-77.7667,PE,7/30/2021,67.53,72,41,12.37
171,managua,12.1328,-86.2504,NI,7/30/2021,85.44,66,20,6.91
172,iqaluit,63.7506,-68.5145,CA,7/30/2021,52.7,71,100,5.01
173,davila,18.4726,120.5763,PH,7/30/2021,81.59,85,100,21.92
174,saint-philippe,-21.3585,55.7679,RE,7/30/2021,67.59,83,41,14.63
175,raga,8.4596,25.678,SS,7/30/2021,71.19,94,99,3.27
176,sabha,27.0377,14.4283,LY,7/30/2021,97.54,12,0,14.58
177,pacifica,37.6138,-122.4869,US,7/30/2021,84.67,87,20,5.01
178,xining,36.6167,101.7667,CN,7/30/2021,59.41,55,6,3.65
179,mitsamiouli,-11.3847,43.2844,KM,7/30/2021,76.66,71,1,14.65
180,kumphawapi,17.1087,103.0149,TH,7/30/2021,84.7,99,100,8.55
181,mar del plata,-38.0023,-57.5575,AR,7/30/2021,57.13,47,0,7
182,axim,4.8699,-2.2405,GH,7/30/2021,79.29,74,90,9.26
183,kilindoni,-7.9139,39.6668,TZ,7/30/2021,76.64,75,22,19.48
184,baishishan,43.5833,127.5667,CN,7/30/2021,70.72,97,55,4.07
185,tateyama,34.9833,139.8667,JP,7/30/2021,79.02,87,16,6.96
186,hamilton,39.1834,-84.5333,US,7/30/2021,82.65,66,100,1.01
187,mayumba,-3.432,10.6554,GA,7/30/2021,74.3,79,48,9.35
188,vostok,46.4856,135.8833,RU,7/30/2021,66.72,96,100,3.62
189,sao joao da barra,-21.6403,-41.0511,BR,7/30/2021,69.04,48,15,17.83
190,pervomayskoye,43.919,46.7102,RU,7/30/2021,74.64,50,0,9.33
191,castro,-24.7911,-50.0119,BR,7/30/2021,54.63,38,92,5.88
192,ust-nera,64.5667,143.2,RU,7/30/2021,45.16,74,65,4.63
193,warmbad,-28.45,18.7333,NA,7/30/2021,64.42,16,0,11.16
194,teahupoo,-17.8333,-149.2667,PF,7/30/2021,66.16,74,92,17.43
195,lagoa,39.05,-27.9833,PT,7/30/2021,71.26,80,0,7.7
196,maningrida,-12.0667,134.2667,AU,7/30/2021,72.75,93,88,5.64
197,san patricio,28.017,-97.5169,US,7/30/2021,91.49,53,29,6.55
198,ballina,-28.8667,153.5667,AU,7/30/2021,48.78,81,0,6.62
199,neiafu,-18.65,-173.9833,TO,7/30/2021,77.94,78,100,15.97
200,sao filipe,14.8961,-24.4956,CV,7/30/2021,75.45,84,97,12.44
201,tukrah,32.5341,20.5791,LY,7/30/2021,84.11,69,0,8.68
202,bled,46.3692,14.1136,SI,7/30/2021,82.24,57,81,4.34
203,fukue,32.6881,128.8419,JP,7/30/2021,79.83,88,100,7.83
204,lata,40.1629,-8.3327,PT,7/30/2021,80.04,50,0,12.37
205,manado,1.487,124.8455,ID,7/30/2021,77.77,94,20,0
206,kostomuksha,64.571,30.5767,RU,7/30/2021,58.14,90,100,4.47
207,jining,35.405,116.5814,CN,7/30/2021,74.35,95,0,4.76
208,khorramshahr,30.4397,48.1664,IR,7/30/2021,106.34,9,2,8.46
209,victoria,22.2855,114.1577,HK,7/30/2021,86.38,89,100,8.99
210,homnabad,17.7667,77.1333,IN,7/30/2021,72.55,82,100,16.62
211,moyale,3.5167,39.0584,KE,7/30/2021,70.12,55,100,10.27
212,nanortalik,60.1432,-45.2371,GL,7/30/2021,49.73,67,100,11.65
213,lander,42.833,-108.7307,US,7/30/2021,73.11,65,90,5.75
214,alice springs,-23.7,133.8833,AU,7/30/2021,65.75,27,0,9.22
215,valle de allende,26.9333,-105.4,MX,7/30/2021,77.4,42,66,13.02
216,rosarito,32.3333,-117.0333,MX,7/30/2021,81.63,64,83,11.99
217,arona,28.0996,-16.681,ES,7/30/2021,80.69,65,0,7
218,saskylakh,71.9167,114.0833,RU,7/30/2021,71.33,50,30,7.09
219,fort nelson,58.8053,-122.7002,CA,7/30/2021,73.17,43,5,4.38
220,daru,-9.0763,143.2092,PG,7/30/2021,77.23,91,100,12.35
221,georgetown,5.4112,100.3354,MY,7/30/2021,77.9,88,40,3
222,dingle,10.9995,122.6711,PH,7/30/2021,77.49,89,82,7.16
223,chulman,56.8479,124.9104,RU,7/30/2021,45.12,96,62,3.24
224,ayagoz,47.9714,80.4392,KZ,7/30/2021,61.86,40,53,8.01
225,sur,22.5667,59.5289,OM,7/30/2021,95.38,47,98,16.8
226,dobrovice,50.3693,14.9623,CZ,7/30/2021,83.8,41,7,4.72
227,ahipara,-35.1667,173.1667,NZ,7/30/2021,57.88,95,100,12.44
228,cartagena,10.3997,-75.5144,CO,7/30/2021,89.22,66,75,4.61
229,vila franca do campo,37.7167,-25.4333,PT,7/30/2021,77.41,70,79,6.87
230,ramnagar,29.4,79.1167,IN,7/30/2021,78.53,86,73,3.89
231,inyonga,-6.7167,32.0667,TZ,7/30/2021,71.51,34,0,5.32
232,namatanai,-3.6667,152.4333,PG,7/30/2021,78.67,83,21,5.79
233,abha,18.2164,42.5053,SA,7/30/2021,61.68,71,81,24.94
234,tongliao,43.6125,122.2653,CN,7/30/2021,69.55,97,98,8.66
235,auka,14.9333,-83.8333,HN,7/30/2021,87.4,62,36,5.66
236,baoying,33.2292,119.3092,CN,7/30/2021,76.98,91,0,5.73
237,rognan,67.0953,15.3878,NO,7/30/2021,59.76,83,100,6.04
238,tieli,46.95,128.05,CN,7/30/2021,70.34,90,100,4.18
239,tiksi,71.6872,128.8694,RU,7/30/2021,53.49,68,15,7.2
240,skjervoy,70.0311,20.9714,NO,7/30/2021,48.83,89,100,11.65
241,norman wells,65.282,-126.8329,CA,7/30/2021,73.42,48,74,4.79
242,aseri,59.4506,26.8675,EE,7/30/2021,65.12,69,94,19.13
243,valparaiso,-33.0393,-71.6273,CL,7/30/2021,53.24,71,40,3.44
244,dikson,73.5069,80.5464,RU,7/30/2021,41.07,99,98,2.77
245,donghai,22.9459,115.642,CN,7/30/2021,84.94,83,100,5.46
246,shelburne,44.0787,-80.2041,CA,7/30/2021,65.12,52,3,14.94
247,pevek,69.7008,170.3133,RU,7/30/2021,33.01,91,100,17.27
248,wasilla,61.5814,-149.4394,US,7/30/2021,54.84,89,90,0
249,jumla,29.2747,82.1838,NP,7/30/2021,62.98,98,95,2.33
250,bethel,41.3712,-73.414,US,7/30/2021,81.84,67,19,10.83
251,bathsheba,13.2167,-59.5167,BB,7/30/2021,83.61,74,21,17.78
252,horadiz,39.4488,47.3353,AZ,7/30/2021,80.94,44,0,8.3
253,blind river,46.1834,-82.9582,CA,7/30/2021,64.65,40,1,9.48
254,bagdarin,54.4333,113.6,RU,7/30/2021,55.2,95,87,3.94
255,saint anthony,45.0205,-93.218,US,7/30/2021,80.71,50,75,5.75
256,praya,14.9215,-23.5087,CV,7/30/2021,81.14,69,75,13.8
257,norfolk,42.1668,-71.2495,US,7/30/2021,81.75,59,0,1.01
258,longyearbyen,78.2186,15.6401,SJ,7/30/2021,40.84,65,40,18.41
259,tlapacoyan,19.9667,-97.2167,MX,7/30/2021,81.95,69,61,5.1
260,avera,33.194,-82.5271,US,7/30/2021,95.72,38,93,10.09
261,burnie,-41.0667,145.9167,AU,7/30/2021,52.81,87,100,17.83
262,pathankot,32.2833,75.65,IN,7/30/2021,80.38,81,23,3.11
263,christchurch,-43.5333,172.6333,NZ,7/30/2021,51.91,88,96,5.99
264,asyut,27.181,31.1837,EG,7/30/2021,97.59,14,100,8.3
265,itoman,26.1247,127.6694,JP,7/30/2021,82.42,89,20,6.91
266,camacupa,-12.0167,17.4833,AO,7/30/2021,68.86,19,20,4.03
267,caxito,-8.5785,13.6643,AO,7/30/2021,75.56,69,0,10.45
268,vestmannaeyjar,63.4427,-20.2734,IS,7/30/2021,57.49,87,50,9.55
269,saint-paul,-21.0096,55.2707,RE,7/30/2021,68.11,78,12,1.95
270,te anau,-45.4167,167.7167,NZ,7/30/2021,47.16,97,100,2.73
271,kaili,-3.4626,120.2147,ID,7/30/2021,67.46,95,94,2.46
272,jizan,17.3333,42.6667,SA,7/30/2021,90.88,54,78,4.07
273,khislavichi,54.1871,32.1582,RU,7/30/2021,70.47,59,80,9.42
274,melnikovo,56.5558,84.085,RU,7/30/2021,56.16,76,46,3.71
275,na klang,17.3072,102.1889,TH,7/30/2021,78.96,80,99,5.35
276,tautira,-17.7333,-149.15,PF,7/30/2021,71.62,73,81,17.54
277,ust-tsilma,65.441,52.1498,RU,7/30/2021,54.41,67,100,2.57
278,codrington,-38.2667,141.9667,AU,7/30/2021,54.55,59,18,18.77
279,nome,64.5011,-165.4064,US,7/30/2021,48.27,87,90,9.22
280,lima,-12.0432,-77.0282,PE,7/30/2021,61.05,82,90,10.36
281,atambua,-9.1061,124.8925,ID,7/30/2021,70.03,86,40,4.59
282,bonga,7.2833,36.2333,ET,7/30/2021,60.6,92,99,0.83
283,skovorodino,53.9833,123.9167,RU,7/30/2021,51.08,96,94,3.18
284,mazagao,-0.115,-51.2894,BR,7/30/2021,84.7,63,41,5.37
285,acapulco,16.8634,-99.8901,MX,7/30/2021,83.77,67,83,4.16
286,inirida,3.8653,-67.9239,CO,7/30/2021,72.88,98,99,1.07
287,nemuro,43.3236,145.575,JP,7/30/2021,68.11,93,98,4.32
288,melo,-32.3667,-54.1833,UY,7/30/2021,54.7,53,0,6.35
289,svetlogorsk,52.6333,29.7333,BY,7/30/2021,72.48,59,49,5.21
290,dong hoi,17.4833,106.6,VN,7/30/2021,84.97,71,97,9.44
291,antofagasta,-23.65,-70.4,CL,7/30/2021,64.22,66,10,8.86
292,krasnyy yar,46.5331,48.3456,RU,7/30/2021,82.33,27,9,9.93
293,black river,18.0264,-77.8487,JM,7/30/2021,87.8,54,5,12.41
294,lenine,45.2986,35.7771,UA,7/30/2021,78.37,71,26,12.01
295,awbari,26.5921,12.7805,LY,7/30/2021,97.56,11,0,9.69
296,lorengau,-2.0226,147.2712,PG,7/30/2021,81.68,77,32,4.72
297,ignalina,55.35,26.1667,LT,7/30/2021,68.41,48,53,12.5
298,bose,45.4612,8.0137,IT,7/30/2021,81.25,76,76,3.76
299,leningradskiy,69.3833,178.4167,RU,7/30/2021,32.54,98,100,20.11
300,leua,48.2156,18.6071,SK,7/30/2021,88.5,32,65,2.21
301,kemijarvi,66.7131,27.4306,FI,7/30/2021,59.31,67,99,7.83
302,tsumeb,-19.2333,17.7167,NA,7/30/2021,66.88,23,1,10.49
303,pisco,-13.7,-76.2167,PE,7/30/2021,63.01,84,46,8.84
304,mana,5.6592,-53.7767,GF,7/30/2021,83.41,75,19,5.75
305,duiwelskloof,-23.6934,30.14,ZA,7/30/2021,54.23,70,0,2.77
306,saravan,39.7196,45.6483,AM,7/30/2021,70.45,64,58,7.58
307,hastings,50.8552,0.5729,GB,7/30/2021,66.58,92,26,27.02
308,coahuayana,18.7333,-103.6833,MX,7/30/2021,87.82,65,91,2.84
309,paciran,-6.8767,112.3761,ID,7/30/2021,78.3,83,13,8.12
310,zhuhai,22.2769,113.5678,CN,7/30/2021,86.11,94,40,6.91
311,provideniya,64.3833,-173.3,RU,7/30/2021,46.78,95,94,8.14
312,rocha,-34.4833,-54.3333,UY,7/30/2021,56.43,49,0,8.5
313,kurayoshi,35.4333,133.8167,JP,7/30/2021,74.01,86,99,3.06
314,hami,42.8,93.45,CN,7/30/2021,93.6,13,1,28.32
315,viedma,-40.8135,-62.9967,AR,7/30/2021,63.95,21,3,21.12
316,rincon,32.296,-81.2354,US,7/30/2021,93.85,63,75,10.36
317,bandarban,22.1965,92.2262,BD,7/30/2021,76.14,97,100,4.23
318,alofi,-19.0595,-169.9187,NU,7/30/2021,76.12,77,69,17.72
319,mecca,21.4267,39.8261,SA,7/30/2021,95.23,19,18,5.64
320,wagar,16.1525,36.2032,SD,7/30/2021,85.21,62,99,14.65
321,plettenberg bay,-34.0527,23.3716,ZA,7/30/2021,56.75,69,60,1.63
322,hailar,49.2,119.7,CN,7/30/2021,64.99,96,100,7.61
323,sindor,62.8629,51.8905,RU,7/30/2021,54.25,81,23,2.26
324,santa marinella,42.0345,11.8536,IT,7/30/2021,95.31,64,0,3.83
325,aguimes,27.9054,-15.4461,ES,7/30/2021,75.83,61,20,33.38
326,praia da vitoria,38.7333,-27.0667,PT,7/30/2021,72.3,78,18,8.39
327,huarmey,-10.0681,-78.1522,PE,7/30/2021,69.8,71,35,11.34
328,derzhavinsk,51.1,66.3167,KZ,7/30/2021,73.06,28,75,9.84
329,korla,41.7597,86.1469,CN,7/30/2021,92.41,19,99,20.98
330,bolitoc,15.7395,119.8769,PH,7/30/2021,79.52,90,100,11.59
331,redcar,54.6166,-1.06,GB,7/30/2021,63.09,72,99,8.19
332,yerbogachen,61.2767,108.0108,RU,7/30/2021,57.52,57,6,6.2
333,ayan,56.45,138.1667,RU,7/30/2021,52.32,78,100,9.55
334,kieta,-6.2167,155.6333,PG,7/30/2021,78.35,84,7,4.72
335,yulara,-25.2406,130.9889,AU,7/30/2021,61.81,45,3,9.53
336,moron,-34.6534,-58.6198,AR,7/30/2021,60.03,35,0,7
337,nsanje,-16.92,35.262,MW,7/30/2021,70.45,65,90,7
338,upata,8.0086,-62.3989,VE,7/30/2021,84.2,72,54,4.25
339,shangrao,28.4532,117.9686,CN,7/30/2021,77.09,91,7,1.01
340,bambous virieux,-20.3428,57.7575,MU,7/30/2021,71.22,70,32,21.27
341,kawhia,-38.0651,174.8183,NZ,7/30/2021,54.37,85,75,10.67
342,kloulklubed,7.0419,134.2556,PW,7/30/2021,79.3,73,96,2.39
343,marathon,44.9,-89.7668,US,7/30/2021,70,63,20,0
344,lethem,3.3803,-59.7968,GY,7/30/2021,84.06,68,86,6.6
345,nuuk,64.1835,-51.7216,GL,7/30/2021,65.01,36,75,5.75
346,paamiut,61.994,-49.6678,GL,7/30/2021,43.72,85,100,11.3
347,kpandae,8.4689,-0.0113,GH,7/30/2021,80.94,70,100,5.86
348,baherden,38.4362,57.4316,TM,7/30/2021,90.34,16,63,5.57
349,palmer,42.1584,-72.3287,US,7/30/2021,80.94,54,9,3
350,roma,43.2128,-75.4557,US,7/30/2021,70.09,61,75,1.99
351,salalah,17.0151,54.0924,OM,7/30/2021,76.91,90,97,9.75
352,cockburn town,21.4612,-71.1419,TC,7/30/2021,82.81,78,2,17.67
353,lodja,-3.4833,23.4333,CD,7/30/2021,88.93,26,41,1.57
354,kahului,20.8947,-156.47,US,7/30/2021,73.69,92,25,10.85
355,tashtyp,52.7939,89.8983,RU,7/30/2021,56.61,94,100,4.14
356,okha,53.5739,142.9478,RU,7/30/2021,51.87,86,100,16.6
357,maldonado,-34.6667,-54.9167,UY,7/30/2021,57.22,49,0,9.6
358,skibbereen,51.55,-9.2667,IE,7/30/2021,64.2,69,85,19.08
359,ardu,59.0986,25.3541,EE,7/30/2021,60.39,93,99,12.62
360,ormara,25.2088,64.6357,PK,7/30/2021,81.77,85,94,14.07
361,turangi,-39,175.9333,NZ,7/30/2021,38.84,97,85,3.53
362,nabire,-3.3667,135.4833,ID,7/30/2021,75.76,91,97,3.06
363,tuatapere,-46.1333,167.6833,NZ,7/30/2021,46.81,97,100,4.25
364,rorvik,64.8621,11.2373,NO,7/30/2021,55.38,76,75,4.61
365,chapais,49.7834,-74.8492,CA,7/30/2021,47.98,96,100,10.96
366,dickson,36.077,-87.3878,US,7/30/2021,93.52,67,20,1.01
367,namibe,-15.1961,12.1522,AO,7/30/2021,69.3,84,17,7.16
368,lucapa,-8.4192,20.7447,AO,7/30/2021,79.2,23,0,2.8
369,klenovyy,48.1193,39.4588,UA,7/30/2021,77.2,52,37,3.18
370,kruisfontein,-34.0033,24.7314,ZA,7/30/2021,54.88,76,68,2.26
371,chaykovskiy,56.7686,54.1148,RU,7/30/2021,64.63,87,4,4.05
372,hithadhoo,-0.6,73.0833,MV,7/30/2021,82.27,73,38,6.29
373,buala,-8.145,159.5921,SB,7/30/2021,78.82,83,43,3.06
374,usinsk,65.9939,57.5281,RU,7/30/2021,51.96,73,98,6.17
375,rawson,-43.3002,-65.1023,AR,7/30/2021,55.72,30,100,23.76
376,xai-xai,-25.0519,33.6442,MZ,7/30/2021,67.86,72,79,11.34
377,eyl,7.9803,49.8164,SO,7/30/2021,77.58,75,100,24.76
378,nishihara,26.1842,127.7558,JP,7/30/2021,81.68,89,20,6.91
379,dalmatovo,56.26,62.9362,RU,7/30/2021,60.66,96,86,11.14
380,vilhena,-12.7406,-60.1458,BR,7/30/2021,75.42,29,0,8.05
381,takanabe,32.1333,131.5,JP,7/30/2021,76.41,84,100,5.06
382,varhaug,58.6147,5.6457,NO,7/30/2021,63.95,82,92,16.42
383,elk grove,38.4088,-121.3716,US,7/30/2021,100.36,30,31,5.79
384,biak,-0.9131,122.8766,ID,7/30/2021,75.4,87,70,5.44
385,zhoucheng,35.9122,116.3117,CN,7/30/2021,73.72,95,0,5.28
386,vardo,70.3705,31.1107,NO,7/30/2021,50.2,81,0,11.5
387,grand gaube,-20.0064,57.6608,MU,7/30/2021,71.38,69,2,5.99
388,bangassou,4.7413,22.8184,CF,7/30/2021,74.91,77,100,2.59
389,pontianak,-0.0333,109.3333,ID,7/30/2021,78.78,100,90,2.3
390,siimusti,58.7277,26.3437,EE,7/30/2021,58.89,90,80,12.59
391,kugulta,45.3636,42.3889,RU,7/30/2021,82.98,43,1,6.78
392,gavrilov posad,56.5597,40.1175,RU,7/30/2021,67.41,84,94,4.03
393,coos bay,43.3665,-124.2179,US,7/30/2021,59.23,100,90,3.44
394,ambatofinandrahana,-20.55,46.8,MG,7/30/2021,56.52,80,71,4.56
395,manggar,-2.8833,108.2667,ID,7/30/2021,81.25,75,73,9.24
396,xam nua,20.4197,104.0439,LA,7/30/2021,68.5,97,100,3.31
397,kudahuvadhoo,2.6708,72.8944,MV,7/30/2021,82.62,70,100,3.74
398,alta floresta,-9.8756,-56.0861,BR,7/30/2021,91.92,15,0,5.28
399,asau,46.4333,26.4,RO,7/30/2021,81.52,70,39,2.01
400,zacatepec,18.65,-99.2,MX,7/30/2021,79.65,63,87,2.15
401,kontagora,10.3999,5.4695,NG,7/30/2021,71.82,96,100,5.14
402,muisne,0.6,-80.0333,EC,7/30/2021,78.98,74,100,5.64
403,linxia,35.6003,103.2064,CN,7/30/2021,65.95,41,1,6.22
404,padang,-0.9492,100.3543,ID,7/30/2021,77.05,85,46,3.42
405,ilheus,-14.7889,-39.0494,BR,7/30/2021,71.91,86,99,12.71
406,maragogi,-9.0122,-35.2225,BR,7/30/2021,78.8,74,42,11.32
407,olafsvik,64.8945,-23.7142,IS,7/30/2021,55.87,85,98,5.59
408,thayetmyo,19.3167,95.1833,MM,7/30/2021,76.93,92,61,5.57
409,kodinsk,58.6881,99.1844,RU,7/30/2021,64.27,77,100,3.69
410,flinders,-34.5833,150.8552,AU,7/30/2021,53.06,71,3,1.99
411,hualmay,-11.0964,-77.6139,PE,7/30/2021,68.36,70,24,12.03
412,sayat,38.7839,63.8803,TM,7/30/2021,85.89,12,9,18.43
413,catia la mar,10.6038,-67.0303,VE,7/30/2021,92.98,55,25,8.59
414,ulundi,-28.3352,31.4162,ZA,7/30/2021,57.16,70,0,3.33
415,kamaishi,39.2667,141.8833,JP,7/30/2021,70,92,5,4.5
416,tiparak,8.0341,123.5288,PH,7/30/2021,77.29,95,100,0.4
417,bandarbeyla,9.4942,50.8122,SO,7/30/2021,76.96,78,100,29.62
418,oksfjord,70.2396,22.3479,NO,7/30/2021,59.07,81,100,4.92
419,staryy merchyk,49.9815,35.759,UA,7/30/2021,76.6,49,95,5.19
420,zlobin,45.2924,14.6541,HR,7/30/2021,79.9,40,0,8.05
421,indiaroba,-11.5192,-37.5117,BR,7/30/2021,81.48,60,62,7.96
422,gushikawa,26.3544,127.8686,JP,7/30/2021,81.63,88,64,5.88
423,hauterive,46.0901,3.4459,FR,7/30/2021,75.96,74,81,8.48
424,souillac,-20.5167,57.5167,MU,7/30/2021,71.37,73,42,20.69
425,mangan,27.5167,88.5333,IN,7/30/2021,75.96,96,84,1.36
426,valdosta,30.8327,-83.2785,US,7/30/2021,91.81,64,1,5.75
427,zhuanghe,39.7008,122.9911,CN,7/30/2021,75.33,94,72,9.22
428,necochea,-38.5473,-58.7368,AR,7/30/2021,61.03,37,0,19.48
429,kavaratti,10.5669,72.642,IN,7/30/2021,82.4,78,100,14.36
430,houma,29.5958,-90.7195,US,7/30/2021,93,65,1,0
431,araguaina,-7.1911,-48.2072,BR,7/30/2021,99.36,16,47,4.41
432,canberra,-35.2835,149.1281,AU,7/30/2021,41.52,88,90,2.3
433,portland,45.5234,-122.6762,US,7/30/2021,83.89,55,1,1.99
434,desaguadero,-16.5656,-69.0417,PE,7/30/2021,52.02,43,38,10.33
435,abu dhabi,24.4667,54.3667,AE,7/30/2021,92.37,76,79,10.87
436,zheleznogorsk-ilimskiy,56.5768,104.1217,RU,7/30/2021,57.78,96,0,3.11
437,kolondieba,11.0882,-6.8926,ML,7/30/2021,83.46,67,73,4.7
438,doha,25.2867,51.5333,QA,7/30/2021,98.58,49,0,8.05
439,morondava,-20.2833,44.2833,MG,7/30/2021,74.43,75,18,12.97
440,balkhash,46.844,74.9804,KZ,7/30/2021,71.92,46,40,16.31
441,port-gentil,-0.7193,8.7815,GA,7/30/2021,76.75,81,86,18.37
442,igrim,63.1906,64.4162,RU,7/30/2021,52.2,72,100,6.11
443,lukuledi,-10.5667,38.8,TZ,7/30/2021,75.88,45,96,5.91
444,margate,51.3813,1.3862,GB,7/30/2021,65.97,73,12,5.99
445,sergeyevka,53.88,67.4158,KZ,7/30/2021,64.56,59,100,14.74
446,saint-georges,12.0564,-61.7485,GD,7/30/2021,82.45,75,83,13.58
447,gimli,50.6336,-96.9907,CA,7/30/2021,82.99,34,96,7.43
448,amapa,1,-52,BR,7/30/2021,85.33,63,52,2.42
449,sao sebastiao,-23.76,-45.4097,BR,7/30/2021,59.67,58,92,3.49
450,kem,64.9555,34.5793,RU,7/30/2021,52.75,98,100,4.65
451,annau,37.8876,58.516,TM,7/30/2021,89.24,17,4,5.17
452,high prairie,55.4334,-116.4858,CA,7/30/2021,74.64,41,2,1.23
453,shanhetun,44.7,127.2,CN,7/30/2021,71.29,95,96,1.32
454,jega,12.2175,4.3792,NG,7/30/2021,77.18,83,96,16.44
455,dudinka,69.4058,86.1778,RU,7/30/2021,59.14,82,100,7.4
456,batesville,35.7698,-91.641,US,7/30/2021,93.94,60,1,4
457,isangel,-19.55,169.2667,VU,7/30/2021,70.7,80,15,14.38
458,riyadh,24.6877,46.7219,SA,7/30/2021,107.74,10,99,4.63
459,hervey bay,-25.2986,152.8535,AU,7/30/2021,55.04,67,2,5.73
460,mpulungu,-8.7623,31.1141,ZM,7/30/2021,77.25,35,0,11.86
461,saint george,37.1041,-113.5841,US,7/30/2021,83.43,63,95,1.01
462,toora-khem,52.4675,96.11,RU,7/30/2021,53.91,70,60,1.01
463,labuhan,-6.8844,112.2051,ID,7/30/2021,77.79,82,18,7.92
464,charleston,32.7766,-79.9309,US,7/30/2021,95.02,69,1,5.99
465,quatre cocos,-20.2078,57.7625,MU,7/30/2021,71.1,70,29,20.76
466,srednekolymsk,67.45,153.6833,RU,7/30/2021,38.55,74,77,6.58
467,larap,14.299,122.6504,PH,7/30/2021,80.69,86,100,5.82
468,cuiluan,47.72,128.648,CN,7/30/2021,68.72,95,100,1.43
469,mormugao,15.4,73.8,IN,7/30/2021,79.77,83,91,15.61
470,college,64.8569,-147.8028,US,7/30/2021,60.28,86,100,2.59
471,nalut,30.3333,10.85,LY,7/30/2021,99.48,8,0,12.84
472,saint-joseph,-21.3667,55.6167,RE,7/30/2021,66.58,80,20,14.07
473,luderitz,-26.6481,15.1594,NA,7/30/2021,68.52,39,0,8.41
474,taoudenni,22.6783,-3.9836,ML,7/30/2021,113.79,9,6,7.92
475,qiqihar,47.3408,123.9672,CN,7/30/2021,68.52,97,100,6.82
476,sotouboua,8.5667,0.9833,TG,7/30/2021,77.45,86,98,3.98
477,luganville,-15.5333,167.1667,VU,7/30/2021,72.9,80,60,8.14
478,palora,-1.7,-77.9333,EC,7/30/2021,61.9,99,100,2.1
479,eenhana,-17.4667,16.3333,NA,7/30/2021,68.38,20,17,7.52
480,bubaque,11.2833,-15.8333,GW,7/30/2021,78.4,85,98,14.54
481,sandwick,60,-1.25,GB,7/30/2021,55.22,82,75,9.22
482,englehart,47.8169,-79.8664,CA,7/30/2021,63.91,37,13,13.58
483,sidhauli,27.2833,80.8333,IN,7/30/2021,84.09,82,88,4.36
484,warrnambool,-38.3833,142.4833,AU,7/30/2021,52.81,65,47,21.79
485,berlevag,70.8578,29.0864,NO,7/30/2021,48.34,82,99,11.77
486,sangar,63.9242,127.4739,RU,7/30/2021,53.98,54,20,3.49
487,gorokhovets,56.1947,42.7003,RU,7/30/2021,69.67,90,100,6.85
488,broome,42.2506,-75.833,US,7/30/2021,70.18,69,75,8.99
489,aloleng,16.1307,119.7824,PH,7/30/2021,81.09,86,100,16.69
490,mehamn,71.0357,27.8492,NO,7/30/2021,48.38,86,100,9.82
491,jalu,29.0331,21.5482,LY,7/30/2021,101.37,13,4,8.81
492,naze,28.3667,129.4833,JP,7/30/2021,76.86,86,44,4.32
493,lufilufi,-13.8745,-171.5986,WS,7/30/2021,80.24,80,87,17.54
494,honiara,-9.4333,159.95,SB,7/30/2021,76.8,89,47,3.6
495,nampa,43.5407,-116.5635,US,7/30/2021,92.48,37,1,9.22
496,kirovskiy,45.0917,133.5136,RU,7/30/2021,72.77,92,90,2.8
497,caraballeda,10.6112,-66.8522,VE,7/30/2021,92.86,55,20,9.44
498,dangriga,16.9692,-88.2321,BZ,7/30/2021,85.98,82,100,7.14
499,porto novo,6.4965,2.6036,BJ,7/30/2021,80.11,71,96,10.6
500,kulachi,31.9286,70.4592,PK,7/30/2021,98.42,43,23,17.45
501,westport,41.1415,-73.3579,US,7/30/2021,83.79,58,75,1.99
502,ogaki,35.35,136.6167,JP,7/30/2021,81.93,90,7,2.59
503,kawalu,-7.3817,108.2082,ID,7/30/2021,71.94,97,55,2.08
504,sohag,26.557,31.6948,EG,7/30/2021,96.57,14,89,7.99
505,takhli,15.2634,100.3438,TH,7/30/2021,81.54,74,94,9.71
506,tagusao,9.1924,117.8141,PH,7/30/2021,81.37,81,49,10.07
507,mumford,5.2618,-0.759,GH,7/30/2021,77.59,81,100,11.3
508,cartaxo,39.1602,-8.7874,PT,7/30/2021,81.66,55,0,17.85
509,balagansk,54.0103,103.0544,RU,7/30/2021,55.27,91,57,2.21
510,mabaruma,8.2,-59.7833,GY,7/30/2021,81.72,84,59,4.52
511,newport,51.5877,-2.9984,GB,7/30/2021,66.45,70,67,18.68
512,kapit,2.0167,112.9333,MY,7/30/2021,75.29,98,87,0.94
513,tongchuan,35.0806,109.0897,CN,7/30/2021,81.25,28,0,5.3
514,baghdad,33.3406,44.4009,IQ,7/30/2021,106.09,12,0,10.56
515,cabrera,19.6426,-69.9049,DO,7/30/2021,89.33,73,8,15.39
516,sibolga,1.7427,98.7792,ID,7/30/2021,76.55,88,92,2.42
517,meghri,38.9029,46.2446,AM,7/30/2021,70.79,60,4,7.07
518,champerico,14.3,-91.9167,GT,7/30/2021,90.77,72,96,5.21
519,valcourt,45.5001,-72.3158,CA,7/30/2021,63.41,96,100,8.28
520,san luis,-33.295,-66.3356,AR,7/30/2021,63.48,18,0,15.37
521,andenes,69.3143,16.1194,NO,7/30/2021,51.46,87,75,32.21
522,abu kamal,34.4506,40.9171,SY,7/30/2021,101.75,15,0,12.46
523,pochutla,15.7432,-96.4661,MX,7/30/2021,90.82,56,100,3.29
524,buluang,13.3068,123.3425,PH,7/30/2021,81.46,84,98,10.31
525,itanagar,27.1,93.6167,IN,7/30/2021,76.66,93,99,2.28
526,ponta delgada,37.7333,-25.6667,PT,7/30/2021,77.72,69,20,12.66
527,huai yot,7.7893,99.6348,TH,7/30/2021,75.49,94,99,2.39
528,buenos aires,-34.6132,-58.3772,AR,7/30/2021,60.03,50,0,12.41
529,hay river,60.8156,-115.7999,CA,7/30/2021,67.03,58,90,1.74
530,yaan,7.3833,8.5667,NG,7/30/2021,76.32,90,94,4.88
531,nantucket,41.2835,-70.0995,US,7/30/2021,80.62,74,20,12.66
532,pemangkat,1.1667,108.9667,ID,7/30/2021,81.28,81,85,10.47
533,maiduguri,11.8464,13.1603,NG,7/30/2021,83.59,63,71,8.34
534,caravelas,-17.7125,-39.2481,BR,7/30/2021,69.49,69,100,12.41
535,tilichiki,60.4667,166.1,RU,7/30/2021,39.18,83,11,10.58
536,gainesville,29.6516,-82.3248,US,7/30/2021,91.67,69,75,1.01
537,tessalit,20.1986,1.0114,ML,7/30/2021,92.55,31,73,15.43
538,colonia,50.9333,6.95,DE,7/30/2021,77.56,50,0,14.97
539,aljezur,37.3191,-8.8033,PT,7/30/2021,72.88,63,1,17.81
540,sibu,2.3,111.8167,MY,7/30/2021,73.63,96,96,0.67
541,ati,13.2154,18.3353,TD,7/30/2021,90.68,50,89,6.6
542,fort wellington,6.4,-57.6,GY,7/30/2021,83.61,70,84,5.55
543,campoverde,-8.4753,-74.8058,PE,7/30/2021,79.09,35,86,5.46
544,howard springs,-12.497,131.047,AU,7/30/2021,75.11,96,83,3.58
545,harnosand,62.6323,17.9379,SE,7/30/2021,62.6,73,99,1.86
546,evensk,61.95,159.2333,RU,7/30/2021,41.16,69,12,8.84
547,wilmington,34.2257,-77.9447,US,7/30/2021,92.98,74,73,5.01
548,port hawkesbury,45.6169,-61.3485,CA,7/30/2021,64.58,96,90,5.99
549,togur,58.3631,82.8265,RU,7/30/2021,51.58,92,30,5.7
550,north bend,43.4065,-124.2243,US,7/30/2021,62.85,100,90,3.44
551,malyye derbety,47.9547,44.6808,RU,7/30/2021,86.85,22,27,9.51
552,oranjemund,-28.55,16.4333,NA,7/30/2021,67.3,37,0,11.48
553,timoteo,-19.5825,-42.6444,BR,7/30/2021,61.75,58,100,2.28
554,katsuura,35.1333,140.3,JP,7/30/2021,79.11,89,10,8.12
555,mayo,38.8876,-76.5119,US,7/30/2021,90.34,53,1,8.01
556,terre haute,39.4667,-87.4139,US,7/30/2021,79.5,70,17,1.01
557,jaguarari,-10.2639,-40.1958,BR,7/30/2021,82.06,40,49,13.58
558,eregli,37.5133,34.0467,TR,7/30/2021,79.81,26,0,7.76
559,bardiyah,31.7561,25.0865,LY,7/30/2021,84.96,57,0,13.85
560,chernyshevskiy,63.0128,112.4714,RU,7/30/2021,53.82,58,0,2.46
561,istok,42.7808,20.4875,XK,7/30/2021,94.15,27,0,4.41
562,maniitsoq,65.4167,-52.9,GL,7/30/2021,50.72,75,82,7.52
563,cody,44.5263,-109.0565,US,7/30/2021,80.8,47,40,0
564,honningsvag,70.9821,25.9704,NO,7/30/2021,49.53,87,75,9.22
565,ukiah,39.1502,-123.2078,US,7/30/2021,98.02,38,1,0
566,byron bay,-28.65,153.6167,AU,7/30/2021,48.7,77,0,7.43
567,kondagaon,19.6,81.6667,IN,7/30/2021,72.09,93,100,9.46
568,kidal,18.4411,1.4078,ML,7/30/2021,84.15,49,36,17.2
569,santa barbara,34.7333,-120.0343,US,7/30/2021,92.14,30,5,5.53
570,qax,41.4225,46.9242,AZ,7/30/2021,70.3,71,24,4.41
571,conde,-7.2597,-34.9075,BR,7/30/2021,80.42,63,72,14.2
572,henties bay,-22.116,14.2845,NA,7/30/2021,72.86,37,0,6.8
573,nauta,-4.5061,-73.5757,PE,7/30/2021,81.25,38,48,5.06
574,boyolangu,-8.1181,111.8935,ID,7/30/2021,74.7,91,87,5.68
575,khani,41.9563,42.9566,GE,7/30/2021,69.37,95,4,1.25
576,kamina,-8.7386,24.9906,CD,7/30/2021,72.19,23,0,5.46
577,portree,57.4129,-6.1942,GB,7/30/2021,61.86,87,95,5.68
578,koungheul,13.9833,-14.8,SN,7/30/2021,90.41,56,57,2.04
579,buwenge,0.6422,33.1744,UG,7/30/2021,67.73,59,73,3.69
580,hanko,59.8333,22.95,FI,7/30/2021,63.84,80,86,12.53
581,batagay-alyta,67.8006,130.4114,RU,7/30/2021,54.55,53,27,2.89
582,naifaru,5.4444,73.3657,MV,7/30/2021,82.63,75,89,9.06
583,anloga,5.7947,0.8973,GH,7/30/2021,78.24,81,99,13.85
584,isiolo,0.3546,37.5822,KE,7/30/2021,71.71,57,99,18.57
585,poronaysk,49.2167,143.1167,RU,7/30/2021,64.6,98,89,2.51
586,coquimbo,-29.9533,-71.3436,CL,7/30/2021,61.12,60,0,4.38
587,odweyne,9.4092,45.064,SO,7/30/2021,70.5,55,85,20.74
588,murray bridge,-35.1167,139.2667,AU,7/30/2021,58.12,84,2,7.2
589,ereymentau,51.6199,73.1033,KZ,7/30/2021,64.44,33,87,4.79
590,jacareacanga,-6.2222,-57.7528,BR,7/30/2021,94.77,25,7,3.76
591,clyde river,70.4692,-68.5914,CA,7/30/2021,43.07,77,33,6.24
